{
  "Total" : {
    "transaction" : "Total",
    "sampleCount" : 500,
    "errorCount" : 0,
    "errorPct" : 0.0,
    "meanResTime" : 1552.7399999999984,
    "medianResTime" : 1725.5,
    "minResTime" : 283.0,
    "maxResTime" : 2315.0,
    "pct1ResTime" : 2125.7000000000003,
    "pct2ResTime" : 2179.85,
    "pct3ResTime" : 2232.9700000000003,
    "throughput" : 38.66377977111042,
    "receivedKBytesPerSec" : 9.19835485617074,
    "sentKBytesPerSec" : 9.363884163315806
  },
  "HTTP Request" : {
    "transaction" : "HTTP Request",
    "sampleCount" : 500,
    "errorCount" : 0,
    "errorPct" : 0.0,
    "meanResTime" : 1552.7399999999984,
    "medianResTime" : 1725.5,
    "minResTime" : 283.0,
    "maxResTime" : 2315.0,
    "pct1ResTime" : 2125.7000000000003,
    "pct2ResTime" : 2179.85,
    "pct3ResTime" : 2232.9700000000003,
    "throughput" : 38.66377977111042,
    "receivedKBytesPerSec" : 9.19835485617074,
    "sentKBytesPerSec" : 9.363884163315806
  }
}