{
  "Total" : {
    "transaction" : "Total",
    "sampleCount" : 500,
    "errorCount" : 0,
    "errorPct" : 0.0,
    "meanResTime" : 5787.075999999999,
    "medianResTime" : 6437.0,
    "minResTime" : 411.0,
    "maxResTime" : 7478.0,
    "pct1ResTime" : 7326.7,
    "pct2ResTime" : 7373.0,
    "pct3ResTime" : 7453.74,
    "throughput" : 13.766898868360911,
    "receivedKBytesPerSec" : 3.279856101489578,
    "sentKBytesPerSec" : 3.3341708196811584
  },
  "HTTP Request" : {
    "transaction" : "HTTP Request",
    "sampleCount" : 500,
    "errorCount" : 0,
    "errorPct" : 0.0,
    "meanResTime" : 5787.075999999999,
    "medianResTime" : 6437.0,
    "minResTime" : 411.0,
    "maxResTime" : 7478.0,
    "pct1ResTime" : 7326.7,
    "pct2ResTime" : 7373.0,
    "pct3ResTime" : 7453.74,
    "throughput" : 13.766898868360911,
    "receivedKBytesPerSec" : 3.279856101489578,
    "sentKBytesPerSec" : 3.3341708196811584
  }
}