{
  "Total" : {
    "transaction" : "Total",
    "sampleCount" : 250,
    "errorCount" : 0,
    "errorPct" : 0.0,
    "meanResTime" : 146438.74,
    "medianResTime" : 150483.0,
    "minResTime" : 29984.0,
    "maxResTime" : 190583.0,
    "pct1ResTime" : 186572.7,
    "pct2ResTime" : 188547.95,
    "pct3ResTime" : 190124.84,
    "throughput" : 0.3068369407129663,
    "receivedKBytesPerSec" : 0.07367682322510172,
    "sentKBytesPerSec" : 0.0677198716807914
  },
  "HTTP Request" : {
    "transaction" : "HTTP Request",
    "sampleCount" : 250,
    "errorCount" : 0,
    "errorPct" : 0.0,
    "meanResTime" : 146438.74,
    "medianResTime" : 150483.0,
    "minResTime" : 29984.0,
    "maxResTime" : 190583.0,
    "pct1ResTime" : 186572.7,
    "pct2ResTime" : 188547.95,
    "pct3ResTime" : 190124.84,
    "throughput" : 0.3068369407129663,
    "receivedKBytesPerSec" : 0.07367682322510172,
    "sentKBytesPerSec" : 0.0677198716807914
  }
}