{
  "Total" : {
    "transaction" : "Total",
    "sampleCount" : 250,
    "errorCount" : 0,
    "errorPct" : 0.0,
    "meanResTime" : 246271.91199999995,
    "medianResTime" : 162232.0,
    "minResTime" : 151844.0,
    "maxResTime" : 647565.0,
    "pct1ResTime" : 588324.0,
    "pct2ResTime" : 618265.35,
    "pct3ResTime" : 647482.64,
    "throughput" : 0.19311461429604315,
    "receivedKBytesPerSec" : 0.04846724206453427,
    "sentKBytesPerSec" : 0.04130087942464204
  },
  "HTTP Request" : {
    "transaction" : "HTTP Request",
    "sampleCount" : 250,
    "errorCount" : 0,
    "errorPct" : 0.0,
    "meanResTime" : 246271.91199999995,
    "medianResTime" : 162232.0,
    "minResTime" : 151844.0,
    "maxResTime" : 647565.0,
    "pct1ResTime" : 588324.0,
    "pct2ResTime" : 618265.35,
    "pct3ResTime" : 647482.64,
    "throughput" : 0.19311461429604315,
    "receivedKBytesPerSec" : 0.04846724206453427,
    "sentKBytesPerSec" : 0.04130087942464204
  }
}